{
  "mean": [
    3.584976206896551e-06,
    3.9434738275862064e-05,
    0.09998538873097472,
    21823.951026272578,
    0.2984730387680336,
    4.8,
    1.0,
    0.18768472906403938,
    0.0003584976206896552,
    0.0003584976206896552,
    22.0,
    4.0,
    0.2655172413793103,
    0.23793103448275862,
    0.25517241379310346,
    0.2413793103448276,
    0.1,
    0.07241379310344828,
    0.1103448275862069
  ],
  "scale": [
    1.3926277729535557e-05,
    0.0001531890550248911,
    5.915339290055666e-06,
    13122.37922193424,
    0.8524958742910029,
    1.55851388099092,
    1.0,
    0.06298066338779935,
    0.0013926277729535558,
    0.0013926277729535558,
    1.0,
    1.0,
    0.44160823804547783,
    0.42581669449743625,
    0.4359580863249409,
    0.42791978089623645,
    0.30000000000000004,
    0.2591718265394973,
    0.3133190811476013
  ],
  "var": [
    1.9394121140015802e-10,
    2.346688657941912e-08,
    3.499123891647627e-11,
    172196836.44425148,
    0.7267492156831814,
    2.4289655172413798,
    0.0,
    0.003966563960767291,
    1.9394121140015803e-06,
    1.9394121140015803e-06,
    0.0,
    0.0,
    0.1950178359096314,
    0.18131985731272296,
    0.1900594530321046,
    0.18311533888228299,
    0.09000000000000001,
    0.06717003567181926,
    0.09816884661117717
  ]
}