{
  "mean": [
    96420.25193552286,
    589518.2206639264,
    413261.21534257254,
    0.18047649779298303,
    371398.3122934118,
    76980.7493686286,
    5.791172638040688,
    12.640600653540837,
    0.5196635817274534,
    0.37519791182739515,
    0.3282073827104735,
    0.21311450472608337,
    0.5549860205032618,
    0.41119766291196264,
    1.0,
    0.4580615097856477,
    11.535566660948135,
    3.0107759864564243,
    17.374901009582523,
    2.514589053428605,
    0.005972260398435489,
    -0.01158858390814892,
    -0.0051632665177918915,
    -0.018852607138026292
  ],
  "scale": [
    370698.8765949823,
    3190315.510029906,
    2531329.3588964813,
    0.6656398197523722,
    272630.10487778706,
    52670.223521048625,
    3.9809661918479935,
    8.069791660868159,
    0.30633886635791957,
    0.2955361522314629,
    0.2574414635666449,
    0.3821441963997794,
    0.49696734052572916,
    0.4786313362106959,
    1.0,
    0.4982380586010561,
    6.57339088995362,
    1.8952244879384694,
    16.6839137088973,
    1.0810498664709318,
    0.6698330550896824,
    0.6789948436522355,
    0.6737238650502155,
    0.6790679577517056
  ],
  "features": [
    "fee",
    "priority_fee",
    "tip_lamports",
    "fee_per_compute",
    "compute_units",
    "compute_per_instruction",
    "num_instructions",
    "num_accounts",
    "instructions_per_account",
    "sandwich_score",
    "arbitrage_score",
    "is_jito_bundle",
    "is_atomic",
    "has_mev_keywords",
    "has_priority_fee",
    "high_priority_fee",
    "hour",
    "day_of_week",
    "num_logs",
    "logs_per_instruction",
    "hour_sin",
    "hour_cos",
    "day_sin",
    "day_cos"
  ]
}